{
  "name": "SAGCO OS Development",
  "image": "mcr.microsoft.com/devcontainers/python:3.11",
  
  "features": {
    "ghcr.io/devcontainers/features/git:1": {},
    "ghcr.io/devcontainers/features/github-cli:1": {}
  },
  
  "customizations": {
    "vscode": {
      "extensions": [
        "ms-python.python",
        "ms-python.vscode-pylance",
        "ms-python.black-formatter",
        "charliermarsh.ruff",
        "redhat.vscode-yaml",
        "yzhang.markdown-all-in-one",
        "mermaid.vscode-mermaid-preview"
      ],
      "settings": {
        "python.defaultInterpreterPath": "/usr/local/bin/python",
        "python.formatting.provider": "black",
        "editor.formatOnSave": true,
        "editor.rulers": [100],
        "[python]": {
          "editor.defaultFormatter": "ms-python.black-formatter"
        }
      }
    }
  },
  
  "postCreateCommand": "pip install -e '.[dev]'",
  
  "remoteUser": "vscode",
  
  "containerEnv": {
    "SAGCO_ENV": "development"
  },
  
  "forwardPorts": [8000],
  
  "portsAttributes": {
    "8000": {
      "label": "SAGCO API",
      "onAutoForward": "notify"
    }
  }
}
